"Track URI","Track Name","Artist URI(s)","Artist Name(s)","Album URI","Album Name","Album Artist URI(s)","Album Artist Name(s)","Album Release Date","Album Image URL","Disc Number","Track Number","Track Duration (ms)","Track Preview URL","Explicit","Popularity","ISRC","Added By","Added At"
"spotify:track:6z1kLsntE7FuzKZHZWrXYN","instagram","spotify:artist:3eCd0TZrBPm2n9cDG6yWfF","DEAN","spotify:album:1wW2yfORAbOEfn2Et1q687","instagram","spotify:artist:3eCd0TZrBPm2n9cDG6yWfF","DEAN","2017-12-26","https://i.scdn.co/image/ab67616d0000b2734ee9dc60013d5648d0f23bcc","1","1","255728","","false","62","KRUM71700353","spotify:user:","2019-12-12T19:56:50Z"
"spotify:track:38I0ugGr8s3YXFEtlRg9AX","メイキング","spotify:artist:35AeYLIKrorZDAxsb40vVZ","LUCKLIFE","spotify:album:1W2h9nRxAdFayjF9gkB2nu","変わらない空","spotify:artist:35AeYLIKrorZDAxsb40vVZ","LUCKLIFE","2015-08-05","https://i.scdn.co/image/ab67616d0000b2733e03ab562ed5f52faa66aa40","1","2","200093","https://p.scdn.co/mp3-preview/fbb83cc19a9f51defcac583d4fb0365633c28b29?cid=9950ac751e34487dbbe027c4fd7f8e99","false","0","JPZ921506045","spotify:user:","2019-12-12T19:56:50Z"
"spotify:track:0jnUqXkSxqe8hLkPVfzIjz","Bom","spotify:artist:4k5fFEYgkWYrYvtOK3zVBl","BOL4","spotify:album:4pR0eatWzDISWS8LHv5dzZ","Puberty BookⅠ Bom","spotify:artist:4k5fFEYgkWYrYvtOK3zVBl","BOL4","2019-04-02","https://i.scdn.co/image/ab67616d0000b2731c37b480eaeeb8f58fbbd685","1","2","217044","https://p.scdn.co/mp3-preview/4d67a4a0e4972262371c9a1c48f6ae4b6a5b583e?cid=9950ac751e34487dbbe027c4fd7f8e99","false","0","KRA381901473","spotify:user:","2019-12-12T19:56:50Z"
"spotify:track:1dA1tlzwcJ3YDYsSul1m06","Jenga (feat. Gaeko)","spotify:artist:5dCvSnVduaFleCnyy98JMo, spotify:artist:0tkHE1pQ5ZCgQb8WZ0ba79","HEIZE, Gaeko","spotify:album:5Fs2dlwUz1zkNcUPu6KaKF","Wish & Wind","spotify:artist:5dCvSnVduaFleCnyy98JMo","HEIZE","2018-03-08","https://i.scdn.co/image/ab67616d0000b273e5b72a052cd11134380eeb8a","1","1","210158","https://p.scdn.co/mp3-preview/a8b6a5d562af9b7163eca3b3e65fd330fcf7b03b?cid=9950ac751e34487dbbe027c4fd7f8e99","false","43","KRA491800172","spotify:user:","2019-12-12T19:56:50Z"
"spotify:track:4hRA2rCPaCOpoEIq5qXaBz","Inferiority Complex","spotify:artist:0hT0UrjmzkLJouAT52ck6j, spotify:artist:4MLK9Hhz7UhxAzU2awoLxk","Park Kyung, EUNHA","spotify:album:0WkXveHN5p6Md6ouIFJzBS","Inferiority Complex","spotify:artist:0hT0UrjmzkLJouAT52ck6j","Park Kyung","2016-05-25","https://i.scdn.co/image/ab67616d0000b27324e3a833a37b6904e5e26e8a","1","1","204376","https://p.scdn.co/mp3-preview/0d13a2750c7afc78b986cbaedec93b561039cd2f?cid=9950ac751e34487dbbe027c4fd7f8e99","false","34","KRC491600010","spotify:user:","2019-12-12T19:56:50Z"
"spotify:track:4as4XEOR03oGm1STUKl6pa","BBIBBI","spotify:artist:3HqSLMAZ3g3d5poNaI7GOU","IU","spotify:album:4ghBzVOTFoeKPPmyNKjVtI","BBIBBI","spotify:artist:3HqSLMAZ3g3d5poNaI7GOU","IU","2018-10-10","https://i.scdn.co/image/ab67616d0000b273a1d785640d9421ec17ea8fe6","1","1","194426","https://p.scdn.co/mp3-preview/a3d6d43bcd92211fde4a4914264fb51d49a79b31?cid=9950ac751e34487dbbe027c4fd7f8e99","false","64","KRA381801523","spotify:user:","2019-12-12T19:56:50Z"
"spotify:track:6ioaDimY5lmeAl5gBh0imb","Sunshine","spotify:artist:7lXgbtBDcCRbfc5f8FhGUL, spotify:artist:6aLdhHUqgdKE86xbtNmY8g","Hoody, Crush","spotify:album:6kqBCAcmJtniQdJY0F8pr0","Sunshine","spotify:artist:7lXgbtBDcCRbfc5f8FhGUL","Hoody","2018-10-22","https://i.scdn.co/image/ab67616d0000b27308b248c670802ca043333f13","1","1","195943","https://p.scdn.co/mp3-preview/38f3f25c981bb8b37f8301d77fbef3f8d946861d?cid=9950ac751e34487dbbe027c4fd7f8e99","false","0","KRC711800043","spotify:user:","2019-12-12T19:56:50Z"
"spotify:track:4PRfFyBHZvX4zLpOfWcY4G","只有愛 自由愛","spotify:artist:5C61zjPQvMLYTWgAMRwOX7, spotify:artist:6UFuBOjtgATwiGxApgyy83","Cemelesai, Eleng (林瑋琪)","spotify:album:7f1jYxFZaDmGmeXzQYqr3i","Ti Cemelesai Ata Salasaladj (阿新與他的朋友們)","spotify:artist:5C61zjPQvMLYTWgAMRwOX7","Cemelesai","2018-12-30","https://i.scdn.co/image/ab67616d0000b273392d16fb2bdcd4c45d8cddad","1","3","269482","https://p.scdn.co/mp3-preview/ae510fda127a535859f7e9fb8c28ea67d42f12f9?cid=9950ac751e34487dbbe027c4fd7f8e99","false","0","TWEW51800003","spotify:user:","2019-12-12T19:56:50Z"
"spotify:track:4hxcpJ1sM0lrhVrqiBIMof","Honey Tea","spotify:artist:50Zu2bK9y5UAtD0jcqk5VX","OOHYO","spotify:album:1KWX0awddaxsi7ySIk5Nq1","Honey Tea","spotify:artist:50Zu2bK9y5UAtD0jcqk5VX","OOHYO","2018-01-02","https://i.scdn.co/image/ab67616d0000b273bf8e019655bbe4c5a4bd1788","1","1","235034","https://p.scdn.co/mp3-preview/6e7bbfc6d0836fc8fdf4633c127b1aba937917a8?cid=9950ac751e34487dbbe027c4fd7f8e99","false","0","KRA381702965","spotify:user:","2019-12-12T19:56:50Z"
"spotify:track:5lLuArl5DPSd0pYVl9KOWD","There He Go","spotify:artist:46SHBwWsqBkxI7EeeBEQG7","Kodak Black","spotify:album:61W2cVhbXDPwHYsLAXYZxI","There He Go","spotify:artist:46SHBwWsqBkxI7EeeBEQG7","Kodak Black","2016-12-23","https://i.scdn.co/image/ab67616d0000b27327a7f858150c9e23157148f5","1","1","196571","https://p.scdn.co/mp3-preview/85c8224b490312db984a57bfd8802e30fce3bb12?cid=9950ac751e34487dbbe027c4fd7f8e99","true","43","USUYG1124861","spotify:user:","2019-12-12T19:56:50Z"
"spotify:track:36gN14w6CqeR2Sr4Ro4u0j","BEE","spotify:artist:0jUn8CXobOt0IixyR72una","Rothy","spotify:album:4g4z19Xr1yTrCqQE2Esxwh","Color of Rothy","spotify:artist:0jUn8CXobOt0IixyR72una","Rothy","2019-05-27","https://i.scdn.co/image/ab67616d0000b2738e95028b7736b9dae582e3ab","1","1","196040","https://p.scdn.co/mp3-preview/fda5e308ad5d03ebe5d8fc50a260683bc2b9a8ce?cid=9950ac751e34487dbbe027c4fd7f8e99","false","0","KRC561900003","spotify:user:","2019-12-12T19:56:50Z"
"spotify:track:4s5ctbQSdw859e9ozID4Hb","떠나간다","spotify:artist:1zVCbVIEKtjg4tRWqwixoY","Hwaii","spotify:album:4DxK41XWj7ExCwvExlywjB","티켓 두장 주세요","spotify:artist:1zVCbVIEKtjg4tRWqwixoY","Hwaii","2011-08-17","https://i.scdn.co/image/ab67616d0000b273b9ba8cadc8e36a145ea77248","1","8","211748","https://p.scdn.co/mp3-preview/234ffc7576db3bdd4ec52872720f4f2c47498ff6?cid=9950ac751e34487dbbe027c4fd7f8e99","false","0","USA371553358","spotify:user:","2019-12-12T19:56:50Z"
"spotify:track:34oWbFBfGEElvgO0a5c9V4","No Flockin'","spotify:artist:46SHBwWsqBkxI7EeeBEQG7","Kodak Black","spotify:album:12YTH28wiBXQ16gvWOCMLU","No Flockin'","spotify:artist:46SHBwWsqBkxI7EeeBEQG7","Kodak Black","2015-11-13","https://i.scdn.co/image/ab67616d0000b27318f77961dfb9d67895bd9ddb","1","1","165290","https://p.scdn.co/mp3-preview/cce2da7f051dc07a53b988234a0388cd1377fd40?cid=9950ac751e34487dbbe027c4fd7f8e99","true","76","USAT21503800","spotify:user:","2019-12-12T19:56:50Z"
"spotify:track:7iaw359G2XT14uTfV9feip","Lockjaw (feat. Kodak Black)","spotify:artist:6vXTefBL93Dj5IqAWq6OTv, spotify:artist:46SHBwWsqBkxI7EeeBEQG7","French Montana, Kodak Black","spotify:album:7sSW3tQBtQrO7f6uO4Bcxq","Lockjaw (feat. Kodak Black)","spotify:artist:6vXTefBL93Dj5IqAWq6OTv","French Montana","2016-05-27","https://i.scdn.co/image/ab67616d0000b273c950feff4be3d63856af3269","1","1","223146","https://p.scdn.co/mp3-preview/454fc6f63598c92c5617178f4aca2198af67d9e3?cid=9950ac751e34487dbbe027c4fd7f8e99","true","53","USSM11604264","spotify:user:","2019-12-12T19:56:50Z"
"spotify:track:6ZoJngyuPof3KsFhFKA5P5","绿色","spotify:artist:4fbvNLpGvqBWKt7pVGzdV8","Shirley Chen","spotify:album:34OXATNlyM574Pzx34y3ui","绿色","spotify:artist:4fbvNLpGvqBWKt7pVGzdV8","Shirley Chen","2019-03-08","https://i.scdn.co/image/ab67616d0000b273a0dce47ad8927df0428d4124","1","1","269590","","false","0","HKG731901034","spotify:user:","2019-12-12T19:56:50Z"
"spotify:track:4G5SXAQyz9D75KmKTLbI0X","Cereal","spotify:artist:6aLdhHUqgdKE86xbtNmY8g, spotify:artist:4XpUIb8uuNlIWVKmgKZXC0","Crush, ZICO","spotify:album:0m1VgiXSKGsTCMD9XEX9au","wonderlost","spotify:artist:6aLdhHUqgdKE86xbtNmY8g","Crush","2018-07-13","https://i.scdn.co/image/ab67616d0000b27326f73c6dd6a0ea36eb4c112e","1","3","218096","https://p.scdn.co/mp3-preview/56306eab3cd7eae7e9b77f2ce281bb284f0302b1?cid=9950ac751e34487dbbe027c4fd7f8e99","false","0","KRB141800017","spotify:user:","2019-12-12T19:56:50Z"
"spotify:track:1WIZiOuNO3woKfdlSK2gNn","Transportin'","spotify:artist:46SHBwWsqBkxI7EeeBEQG7","Kodak Black","spotify:album:51wp3EOOp2mBIjhZjR7W0i","Project Baby 2: All Grown Up","spotify:artist:46SHBwWsqBkxI7EeeBEQG7","Kodak Black","2017-08-18","https://i.scdn.co/image/ab67616d0000b273583ce93dc89d84218f233ea7","1","10","169344","https://p.scdn.co/mp3-preview/95c1c84d3caf950d0853b56f2dc12e98dbf187d1?cid=9950ac751e34487dbbe027c4fd7f8e99","true","74","USAT21703144","spotify:user:","2019-12-12T19:56:50Z"
"spotify:track:35PZU8rfmeul6soWdOTTOZ","Howlin' 404","spotify:artist:3eCd0TZrBPm2n9cDG6yWfF","DEAN","spotify:album:1vgHAfGQUDcVAH7Vq1cMzI","Howlin' 404","spotify:artist:3eCd0TZrBPm2n9cDG6yWfF","DEAN","2019-05-25","https://i.scdn.co/image/ab67616d0000b27338040a7a34238bcc19d4c29a","1","1","229487","","false","41","KRUM71900125","spotify:user:","2019-12-12T19:56:50Z"
"spotify:track:5Vmk03XdA9v1NJnA8JW3Cm","Sweet Memories","spotify:artist:4kcLQfpkqAt5AdNlZZNSDd","Olivia Ong","spotify:album:6c4Eesp9zCx9yIs4XBD5SN","Best Of","spotify:artist:4kcLQfpkqAt5AdNlZZNSDd","Olivia Ong","2012-08-14","https://i.scdn.co/image/ab67616d0000b2735c1726bbb492c2e4eaf5b77f","1","1","186013","https://p.scdn.co/mp3-preview/d39fc2ac4cd8a24908494331895dd7865ba4d9ef?cid=9950ac751e34487dbbe027c4fd7f8e99","false","15","SGA500911536","spotify:user:","2019-12-12T19:56:50Z"
"spotify:track:3DeukUejtc6UAemdPaGCiL","Reality","spotify:artist:6OwKE9Ez6ALxpTaKcT5ayv","AKMU","spotify:album:2FlOgUy6esumFiljwtkwij","WINTER","spotify:artist:6OwKE9Ez6ALxpTaKcT5ayv","AKMU","2017-01-03","https://i.scdn.co/image/ab67616d0000b2732cc679e80c849e491b335dba","1","2","173033","https://p.scdn.co/mp3-preview/46c9f3854196c9c26f1bc3c9d65b2d2a9bfefcb9?cid=9950ac751e34487dbbe027c4fd7f8e99","false","0","KRA401600312","spotify:user:","2019-12-12T19:56:50Z"
"spotify:track:21kOVEG3bDCVphKhXL8XmQ","Walk","spotify:artist:1iJdyDcY98X3GMnUesl7tf","Comethazine","spotify:album:2lxOYynQ4xHvUZzFVbc1iO","Bawskee","spotify:artist:1iJdyDcY98X3GMnUesl7tf","Comethazine","2018-08-24","https://i.scdn.co/image/ab67616d0000b273fc22b0ce07f38f096102c1a7","1","1","96063","https://p.scdn.co/mp3-preview/fcbec91885d4046ca4a63c9f73e76f6f22209dd5?cid=9950ac751e34487dbbe027c4fd7f8e99","true","17","USUYG1213960","spotify:user:","2019-12-12T19:56:50Z"
"spotify:track:3IRR7SWdHVojpCWfnwM2Vs","1+1=0 (Feat. DEAN)","spotify:artist:1mORehSVEd7lcaT2d7Sl2K, spotify:artist:3eCd0TZrBPm2n9cDG6yWfF","SURAN, DEAN","spotify:album:2T09zKIYfKNHMOAkwHpEwp","Walkin'","spotify:artist:1mORehSVEd7lcaT2d7Sl2K","SURAN","2017-06-02","https://i.scdn.co/image/ab67616d0000b2735f8932cd9cb090069d7ba046","1","2","192066","https://p.scdn.co/mp3-preview/3a83cf51a59e9d95e1aa871faaae867ea60b8d49?cid=9950ac751e34487dbbe027c4fd7f8e99","false","34","KRA381701233","spotify:user:","2019-12-12T19:56:50Z"
"spotify:track:1FNHnj59xiQ7EFMOJBhLcp","Dramaturgy","spotify:artist:58oPVy7oihAEXE0Ott6JOf","Eve","spotify:album:4rRSYNloIUM02JebkYnaic","bunka","spotify:artist:58oPVy7oihAEXE0Ott6JOf","Eve","2017-12-20","https://i.scdn.co/image/ab67616d0000b273f2be61c5da549c4bbe503070","1","3","238180","https://p.scdn.co/mp3-preview/f8f94020fab56d59cbe415d57e8de20b195c40d2?cid=9950ac751e34487dbbe027c4fd7f8e99","false","0","JPZ921712383","spotify:user:","2019-12-12T19:56:50Z"
"spotify:track:3JvrhDOgAt6p7K8mDyZwRd","Riptide","spotify:artist:10exVja0key0uqUkk6LJRT","Vance Joy","spotify:album:5S9b8euumqMhQbMk0zzQdH","Dream Your Life Away (Special Edition)","spotify:artist:10exVja0key0uqUkk6LJRT","Vance Joy","2014-09-08","https://i.scdn.co/image/ab67616d0000b273a9929deb093a6617d2493b03","1","4","204280","https://p.scdn.co/mp3-preview/74698d907d114f4ba0b2c129bbf260724be80b64?cid=9950ac751e34487dbbe027c4fd7f8e99","false","81","AULI01385760","spotify:user:","2019-12-12T19:56:50Z"
"spotify:track:528bxUV84T4T8HHBFSpcaV","Bambina","spotify:artist:5BvJzeQpmsdsFp4HGUYUEx","Vampire Weekend","spotify:album:1A3nVEWRJ8yvlPzawHI1pQ","Father of the Bride","spotify:artist:5BvJzeQpmsdsFp4HGUYUEx","Vampire Weekend","2019-05-03","https://i.scdn.co/image/ab67616d0000b273a2b1d3e73c66663c01351bcf","1","3","102680","https://p.scdn.co/mp3-preview/beaeb5a36437a083411825aa0dc065ca288ca9aa?cid=9950ac751e34487dbbe027c4fd7f8e99","false","48","USSM11900140","spotify:user:","2019-12-12T19:56:50Z"
"spotify:track:4dAMdQ6g4kGmnc1MDHsg77","Shotta Flow","spotify:artist:0ErzCpIMyLcjPiwT4elrtZ","NLE Choppa","spotify:album:4O6AXVdjqdJiGYlEm7fz0o","Shotta Flow","spotify:artist:0ErzCpIMyLcjPiwT4elrtZ","NLE Choppa","2019-01-17","https://i.scdn.co/image/ab67616d0000b273f564e6b6b6b3f4036b876aa4","1","1","160013","https://p.scdn.co/mp3-preview/1abc23391a3d8852f1692c9be319320f274aca88?cid=9950ac751e34487dbbe027c4fd7f8e99","true","2","QZ85M1903991","spotify:user:","2019-12-12T19:56:50Z"
"spotify:track:5Z8HZM6iQMhhqyPcCGY5g9","Hot (feat. Gunna)","spotify:artist:50co4Is1HCEo8bhOyUWKpn, spotify:artist:2hlmm7s2ICUX0LVIhVFlZQ","Young Thug, Gunna","spotify:album:1bnHPO4dKK7IjvgrtVBcQh","So Much Fun","spotify:artist:50co4Is1HCEo8bhOyUWKpn","Young Thug","2019-08-16","https://i.scdn.co/image/ab67616d0000b2736fcd1b6e205d0d19d9efa0cc","1","4","193026","https://p.scdn.co/mp3-preview/950d342474c987475e98ef86a51ed95c0181e480?cid=9950ac751e34487dbbe027c4fd7f8e99","true","68","USAT21904711","spotify:user:","2019-12-12T19:56:50Z"
"spotify:track:41bbGulfHp396eWrtXBOxK","perfect slumbers","spotify:artist:0NT8fqhPoKJrd038u1Qumz","物語シリーズ","spotify:album:0Wibr4Xn7la0V69fnnujJw","Utamonogatari Special Edition (Original Soundtrack)","spotify:artist:0NT8fqhPoKJrd038u1Qumz","物語シリーズ","2018-11-02","https://i.scdn.co/image/ab67616d0000b273730cc8eb459c92944233e891","1","11","267693","https://p.scdn.co/mp3-preview/6d8c23d2ad005cbe35fe88a757bddfb48595deb7?cid=9950ac751e34487dbbe027c4fd7f8e99","false","25","JPE301300181","spotify:user:","2019-12-12T19:56:50Z"
"spotify:track:6KyafpXji3NKMmlmSokT9Y","Don’t","spotify:artist:2e4G04F77jxVuDYo44TCSm, spotify:artist:7bmYpVgQub656uNTu6qGNQ","Loco, HWASA","spotify:album:2fMMk4DD96UcAmSczUQ0kq","The Hyena on the Keyboard Pt. 4","spotify:artist:2e4G04F77jxVuDYo44TCSm, spotify:artist:7bmYpVgQub656uNTu6qGNQ","Loco, HWASA","2018-04-21","https://i.scdn.co/image/ab67616d0000b273206f4b14097e0a68bce6b467","1","1","231654","https://p.scdn.co/mp3-preview/1ca7d2c052691586ce6512eab637a54ef60fdfe8?cid=9950ac751e34487dbbe027c4fd7f8e99","false","0","KRA381705099","spotify:user:","2019-12-12T19:56:50Z"
"spotify:track:1XVk5RpNPlUnsau8TJ8Slf","When I'm with you","spotify:artist:3b4kLCI0ZJW47TFsNRqgCb","SOYOU","spotify:album:39RB7l7UElREy8SpJuvhbW","RE:FRESH","spotify:artist:3b4kLCI0ZJW47TFsNRqgCb","SOYOU","2018-10-04","https://i.scdn.co/image/ab67616d0000b273d5734e942e1dc04ea82fce72","1","3","214496","https://p.scdn.co/mp3-preview/1d9449b97ae16f22363ebfff105f8c905349268b?cid=9950ac751e34487dbbe027c4fd7f8e99","false","19","KRA381801389","spotify:user:","2019-12-12T19:56:50Z"
"spotify:track:6srclehJhAd01AVaqAE60f","Kiss Me (From ""Carole & Tuesday"")","spotify:artist:7i3eGEz3HNFnPOCdc7mqoq","Akano","spotify:album:32YnwyyKCWZEcmuyYUsNED","Kiss Me (From ""Carole & Tuesday"")","spotify:artist:7i3eGEz3HNFnPOCdc7mqoq","Akano","2019-04-24","https://i.scdn.co/image/ab67616d0000b2736115da5be0587658c5b937cf","1","1","88082","https://p.scdn.co/mp3-preview/3ee57dd2ca7d4d3f21fb780e1ee1b0db9e177bc8?cid=9950ac751e34487dbbe027c4fd7f8e99","false","0","QZ22B2096888","spotify:user:","2019-12-12T19:56:50Z"
"spotify:track:59eluCMn0XbOWqeWQ91FTM","君はロックを聴かない","spotify:artist:5kVZa4lFUmAQlBogl1fkd6","Aimyon","spotify:album:0ct8ESCAYEpDGYJOndCfft","青春のエキサイトメント","spotify:artist:5kVZa4lFUmAQlBogl1fkd6","Aimyon","2017-09-12","https://i.scdn.co/image/ab67616d0000b27333c05e1d08fec494a30bd240","1","3","246306","https://p.scdn.co/mp3-preview/f70da253cc8def74a1f56e70bcbe70d09d497b9b?cid=9950ac751e34487dbbe027c4fd7f8e99","false","65","JPWP01771557","spotify:user:","2019-12-12T19:56:50Z"
"spotify:track:0fv2KH6hac06J86hBUTcSf","NEW MAGIC WAND","spotify:artist:4V8LLVI7PbaPR0K2TGSxFF","Tyler\, The Creator","spotify:album:5zi7WsKlIiUXv09tbGLKsE","IGOR","spotify:artist:4V8LLVI7PbaPR0K2TGSxFF","Tyler\, The Creator","2019-05-17","https://i.scdn.co/image/ab67616d0000b2737005885df706891a3c182a57","1","6","195320","https://p.scdn.co/mp3-preview/9ba2f7a5e848b2677beded6e4022043fc60e29e6?cid=9950ac751e34487dbbe027c4fd7f8e99","true","78","USQX91901115","spotify:user:","2019-12-12T19:56:50Z"
"spotify:track:1faIb3PPSzEifCHUOJ691R","Broke As Fuck","spotify:artist:0huGjMyP507tBCARyzSkrv","Cordae","spotify:album:6Pb7PMZtW0fuEM1lCGvCDu","The Lost Boy","spotify:artist:0huGjMyP507tBCARyzSkrv","Cordae","2019-07-26","https://i.scdn.co/image/ab67616d0000b273e6d6d392a66a7f9172fe57c8","1","7","196111","https://p.scdn.co/mp3-preview/fc7fc975c89c38e93fa9a42551a603b7b3bdf5b6?cid=9950ac751e34487dbbe027c4fd7f8e99","true","53","USAT21903973","spotify:user:","2019-12-12T19:56:50Z"
"spotify:track:23UoI3jlFiWdo5jadUYo69","Bulls In The Bronx","spotify:artist:4iJLPqClelZOBCBifm8Fzv","Pierce The Veil","spotify:album:661Hz0qJK8WIp7vAWsqKvk","Collide With The Sky","spotify:artist:4iJLPqClelZOBCBifm8Fzv","Pierce The Veil","2012-07-17","https://i.scdn.co/image/ab67616d0000b273077cac00c2d9075e6f742570","1","5","267866","","false","69","US5261216605","spotify:user:","2019-12-12T19:56:50Z"
"spotify:track:6O5plClCxL4fZFgsMRAYgT","Gave It All I Got","spotify:artist:46SHBwWsqBkxI7EeeBEQG7","Kodak Black","spotify:album:1Pz7lBRN2k5tLMGoZUJVea","Lil Big Pac","spotify:artist:46SHBwWsqBkxI7EeeBEQG7","Kodak Black","2016-06-10","https://i.scdn.co/image/ab67616d0000b273fe566f1588c49719ff8fa8ac","1","6","213028","https://p.scdn.co/mp3-preview/a32b3b751b253fa31b0198ea0ba5e0bc80791905?cid=9950ac751e34487dbbe027c4fd7f8e99","true","0","USUYG1104622","spotify:user:","2019-12-12T19:56:50Z"
"spotify:track:0725YWm6Z0TpZ6wrNk64Eb","Super Rich Kids","spotify:artist:2h93pZq0e7k5yf4dywlkpM, spotify:artist:3A5tHz1SfngyOZM2gItYKu","Frank Ocean, Earl Sweatshirt","spotify:album:392p3shh2jkxUxY2VHvlH8","channel ORANGE","spotify:artist:2h93pZq0e7k5yf4dywlkpM","Frank Ocean","2012-07-10","https://i.scdn.co/image/ab67616d0000b2737aede4855f6d0d738012e2e5","1","7","304760","","true","76","USUM71207196","spotify:user:","2019-12-12T19:56:50Z"
"spotify:track:2wvjGSWamFfhDgl2d04qBV","君じゃなきゃダメみたい","spotify:artist:2NmgIfLAFl1DD1FZOY4YqC","Masayoshi Oishi","spotify:album:2U2dNfx8RwHGcu6T9TK9uR","カバーアルバム「仮歌」","spotify:artist:2NmgIfLAFl1DD1FZOY4YqC","Masayoshi Oishi","2017-07-26","https://i.scdn.co/image/ab67616d0000b273fa196c11372934aae0e7aec0","1","11","231493","https://p.scdn.co/mp3-preview/61b36b7fdecc15a00b451f57e29275293caeaa1b?cid=9950ac751e34487dbbe027c4fd7f8e99","false","0","JPJ901706330","spotify:user:","2019-12-12T19:56:50Z"
"spotify:track:2Yer0p7uB2lVBUAtANuuQp","Magic In The Hamptons (feat. Lil Yachty)","spotify:artist:5UjifI1TYefXWn9GdqDOHl, spotify:artist:6icQOAFXDZKsumw3YXyusw","Social House, Lil Yachty","spotify:album:3p81zUBFZ3zdzxceXKeVSK","Magic In The Hamptons (feat. Lil Yachty)","spotify:artist:5UjifI1TYefXWn9GdqDOHl","Social House","2018-06-08","https://i.scdn.co/image/ab67616d0000b273013314e9861a2c4a796b2176","1","1","164640","","false","72","USUM71806833","spotify:user:","2019-12-12T19:56:50Z"
"spotify:track:14mHfNsSHN0FbLftyjrV9g","Leave Me Alone","spotify:artist:2HUwZ0kumzCSlhFcjFZfpp","Flipp Dinero","spotify:album:4TUZUtCiZB4PYIoX20bOeX","Leave Me Alone","spotify:artist:2HUwZ0kumzCSlhFcjFZfpp","Flipp Dinero","2018-09-04","https://i.scdn.co/image/ab67616d0000b27343db6f882b9d67079153c773","1","1","195637","https://p.scdn.co/mp3-preview/a87f5eb0c5abca7b0575aeb3cd356b5564e3239c?cid=9950ac751e34487dbbe027c4fd7f8e99","true","57","QMKSC1800039","spotify:user:","2019-12-12T19:56:50Z"
"spotify:track:7IoRFkAioMFTUHIsfbo6vv","Just Saying","spotify:artist:1iJdyDcY98X3GMnUesl7tf","Comethazine","spotify:album:0YCQ2KHkXYnbtau3ov9tYa","Just Saying","spotify:artist:1iJdyDcY98X3GMnUesl7tf","Comethazine","2019-06-21","https://i.scdn.co/image/ab67616d0000b273ab56d80c80f0b6e2dd9aa6b6","1","1","108554","https://p.scdn.co/mp3-preview/e40e9d71e63548592f91b06a118df99197ce11ac?cid=9950ac751e34487dbbe027c4fd7f8e99","true","0","USUYG1259828","spotify:user:","2019-12-12T19:56:50Z"
"spotify:track:5hVghJ4KaYES3BFUATCYn0","EARFQUAKE","spotify:artist:4V8LLVI7PbaPR0K2TGSxFF","Tyler\, The Creator","spotify:album:5zi7WsKlIiUXv09tbGLKsE","IGOR","spotify:artist:4V8LLVI7PbaPR0K2TGSxFF","Tyler\, The Creator","2019-05-17","https://i.scdn.co/image/ab67616d0000b2737005885df706891a3c182a57","1","2","190066","https://p.scdn.co/mp3-preview/d12bb695962e3e21ad6f737898de806ad970671a?cid=9950ac751e34487dbbe027c4fd7f8e99","true","81","USQX91901111","spotify:user:","2019-12-12T19:56:50Z"
"spotify:track:4ytyLpIwUXbdFsNOvgNnmP","Four Seasons","spotify:artist:3qNVuliS40BLgXGxhdBdqu","TAEYEON","spotify:album:3ublKZHu1qjU9ujf9A4zhH","Four Seasons","spotify:artist:3qNVuliS40BLgXGxhdBdqu","TAEYEON","2019-03-24","https://i.scdn.co/image/ab67616d0000b2737de8f56a39ec67a091457d04","1","2","188237","https://p.scdn.co/mp3-preview/00ec74f85e33d7a5ae97cb1b29455906c3af6547?cid=9950ac751e34487dbbe027c4fd7f8e99","false","51","KRA301900154","spotify:user:","2019-12-12T19:56:50Z"
"spotify:track:2EIaO5knwUA3F2qnf9LV3S","Beyond the Sea","spotify:artist:0EodhzA6yW1bIdD5B4tcmJ","Bobby Darin","spotify:album:65okcRJHUVUrFiDG3I1Sz8","The Ultimate Bobby Darin","spotify:artist:0EodhzA6yW1bIdD5B4tcmJ","Bobby Darin","2004-11-23","https://i.scdn.co/image/ab67616d0000b27332ca9d1b933d95925e170c90","1","17","172480","https://p.scdn.co/mp3-preview/ab71015cd8957e29f04aadf38fb40741c8e2b711?cid=9950ac751e34487dbbe027c4fd7f8e99","false","52","USEW10000026","spotify:user:","2019-12-12T19:56:50Z"
"spotify:track:152lZdxL1OR0ZMW6KquMif","Location","spotify:artist:6LuN9FCkKOj5PcnpouEgny","Khalid","spotify:album:6kf46HbnYCZzP6rjvQHYzg","American Teen","spotify:artist:6LuN9FCkKOj5PcnpouEgny","Khalid","2017-04-27","https://i.scdn.co/image/ab67616d0000b273988ede5e1276e758b5f9e577","1","3","219080","https://p.scdn.co/mp3-preview/ed25b8c413329ab145c72c8bfce8b8558498299c?cid=9950ac751e34487dbbe027c4fd7f8e99","false","74","TCACO1662934","spotify:user:","2019-12-12T19:56:50Z"
"spotify:track:0lhZsFfTpITnjK5q8lrDLR","NO ONE","spotify:artist:7cVZApDoQZpS447nHTsNqu, spotify:artist:0UntV1Bw2hk3fbRrm9eMP6","LeeHi, B.I","spotify:album:47gO1PsZBE4DdS9ipfiHti","24℃","spotify:artist:7cVZApDoQZpS447nHTsNqu","LeeHi","2019-05-30","https://i.scdn.co/image/ab67616d0000b27373b15cb8de2ced2292e6c3aa","1","1","194596","https://p.scdn.co/mp3-preview/216f61ac615a1e39787f68783dac8e67fbce9f5f?cid=9950ac751e34487dbbe027c4fd7f8e99","false","0","KRA401900037","spotify:user:","2019-12-12T19:56:50Z"
"spotify:track:3eMfftdPSD4PI1cux5w97b","Autumn Leaves","spotify:artist:68l2i6GeNtwQlhKS59u5bu","Paul Desmond","spotify:album:1MNW9qBsE47MtyQByOXEil","The Best Of Paul Desmond","spotify:artist:68l2i6GeNtwQlhKS59u5bu","Paul Desmond","1990-05-22","https://i.scdn.co/image/ab67616d0000b273ad6b2f1e57872527d23c05f6","1","10","422666","https://p.scdn.co/mp3-preview/a65ab29863baf10850ba395bbca8346c1c11605b?cid=9950ac751e34487dbbe027c4fd7f8e99","false","37","USSM10020609","spotify:user:","2019-12-12T19:56:50Z"
"spotify:track:1LOzcPYb6ejdTWLmIeJtDn","Green Eyed Baby","spotify:artist:7GE6HcivFOuqeno3AZxl2R","MARIS","spotify:album:1ON8YeyQmNant9awxD7xG1","Of Love & Rain","spotify:artist:7GE6HcivFOuqeno3AZxl2R","MARIS","2021-01-06","https://i.scdn.co/image/ab67616d0000b2730598cf548d2935744b32c8c9","1","1","185906","","false","0","QM9AA1585776","spotify:user:","2019-12-12T19:56:50Z"
"spotify:track:2x8Ljij15QYLZMwYZWwiLH","From a Mountain in the Middle of the Cabins","spotify:artist:20JZFwl6HVl6yg8a4H3ZqK","Panic! At The Disco","spotify:album:7Hk9WbjPbN1n2GXaK7aldw","Pretty. Odd.","spotify:artist:20JZFwl6HVl6yg8a4H3ZqK","Panic! At The Disco","2008-03-21","https://i.scdn.co/image/ab67616d0000b273586acdba3a0ddc93693a313e","1","14","182266","https://p.scdn.co/mp3-preview/e3f1ae81596b68f728e8c6d5039f217a993453b9?cid=9950ac751e34487dbbe027c4fd7f8e99","false","38","USAT20801317","spotify:user:","2019-12-12T19:56:50Z"
"spotify:track:7G5ZBbTK64ECJn5fRNbzoT","美しく燃える森","spotify:artist:0UZq6vAHrwGgctvxTzzxYm","Tokyo Ska Paradise Orchestra","spotify:album:0RbXsDQDjpfId64GzRo4iQ","Stompin' On DOWN BEAT ALLEY","spotify:artist:0UZq6vAHrwGgctvxTzzxYm","Tokyo Ska Paradise Orchestra","2002-05-22","https://i.scdn.co/image/ab67616d0000b2733f6dce5de31012bca9526a60","1","12","303200","https://p.scdn.co/mp3-preview/79d3c9fad70a0c5f6efdcccb6be876fecf67d735?cid=9950ac751e34487dbbe027c4fd7f8e99","false","40","JPB600168101","spotify:user:","2019-12-12T19:56:50Z"
"spotify:track:2QjOHCTQ1Jl3zawyYOpxh6","Sweater Weather","spotify:artist:77SW9BnxLY8rJ0RciFqkHh","The Neighbourhood","spotify:album:4xkM0BwLM9H2IUcbYzpcBI","I Love You.","spotify:artist:77SW9BnxLY8rJ0RciFqkHh","The Neighbourhood","2013-04-19","https://i.scdn.co/image/ab67616d0000b2738265a736a1eb838ad5a0b921","1","4","240400","https://p.scdn.co/mp3-preview/877602f424a9dea277b13301ffc516f9fd1fbe7e?cid=9950ac751e34487dbbe027c4fd7f8e99","false","90","USSM11300080","spotify:user:","2019-12-12T19:56:50Z"
"spotify:track:4P5IqzhJ6eQbOUdPQxGYVt","Haughty Girl","spotify:artist:6OwKE9Ez6ALxpTaKcT5ayv","AKMU","spotify:album:4nDPjOS2VDDIfqZ20l0J3c","SPRING","spotify:artist:6OwKE9Ez6ALxpTaKcT5ayv","AKMU","2016-05-04","https://i.scdn.co/image/ab67616d0000b273d8098404ff0dec320699257c","1","3","198752","https://p.scdn.co/mp3-preview/f1c2e240e447db86e1e61ed72a4ecfabce32832a?cid=9950ac751e34487dbbe027c4fd7f8e99","false","0","KRA401600074","spotify:user:","2019-12-12T19:56:50Z"
"spotify:track:2tr3bmoQBQrLHUYxsg8LpF","Drella","spotify:artist:4iJLPqClelZOBCBifm8Fzv","Pierce The Veil","spotify:album:6LkthUHeWKSJsXhjs7SXFq","A Flair For The Dramatic","spotify:artist:4iJLPqClelZOBCBifm8Fzv","Pierce The Veil","2007","https://i.scdn.co/image/ab67616d0000b273d2d0137c32938ae8cb44e0ca","1","9","176960","https://p.scdn.co/mp3-preview/6bd9e4d2960a620d8f38f60eda5285adde20da56?cid=9950ac751e34487dbbe027c4fd7f8e99","false","51","US3X50713209","spotify:user:","2019-12-12T19:56:50Z"
"spotify:track:3gG2erGa5Pb1yiF2Vv3CRy","Temperature (feat. Park Hyeonseo)","spotify:artist:7pxK1v2idIDo5Imir0lb5i, spotify:artist:3UyDHvpC9iJZndsZze1LYk","Mighty Mouth, Park Hyeonseo","spotify:album:6J9Iok7eG7dg0am7jvEeMh","Temperature (feat. Park Hyeonseo)","spotify:artist:7pxK1v2idIDo5Imir0lb5i","Mighty Mouth","2019-02-22","https://i.scdn.co/image/ab67616d0000b273070253683e1a848416267dda","1","1","207466","https://p.scdn.co/mp3-preview/8ce2837bc4f243efdaa65f4e52f2ff8e791c0db5?cid=9950ac751e34487dbbe027c4fd7f8e99","false","8","KRA251900405","spotify:user:","2019-12-12T19:56:50Z"
"spotify:track:1F3PSls61sG4NvY5S6gt7Y","So-so","spotify:artist:5UKoKVlU7EDN4UgDuVRAbX","Baek A Yeon","spotify:album:4XU6JkCwfKDD12NV74MkKq","So-so","spotify:artist:5UKoKVlU7EDN4UgDuVRAbX","Baek A Yeon","2016-05-24","https://i.scdn.co/image/ab67616d0000b273b7870164255c48b9cdbf18e8","1","1","212641","https://p.scdn.co/mp3-preview/9906cf976bd67cd6b86b9f7c8101d38f199ccd26?cid=9950ac751e34487dbbe027c4fd7f8e99","false","0","US5TA1600029","spotify:user:","2019-12-12T19:56:50Z"
"spotify:track:4hZShMUML4tIKWvxa2u7Ne","Take It Slow","spotify:artist:1z4g3DjTBBZKhvAroFlhOM","Red Velvet","spotify:album:27cBQ5FDqv0xLgiJ7qNpZr","Ice Cream Cake - The 1st Mini Album","spotify:artist:1z4g3DjTBBZKhvAroFlhOM","Red Velvet","2015-03-17","https://i.scdn.co/image/ab67616d0000b2733beb8877c3a0cde5be9a139c","1","5","211760","https://p.scdn.co/mp3-preview/1bd52184b374592e8607a81ea007736bafa5f267?cid=9950ac751e34487dbbe027c4fd7f8e99","false","41","KRA301500095","spotify:user:","2019-12-12T19:56:50Z"
"spotify:track:7jiiuFE5JSVXoMKov2V1fI","Cha Cha","spotify:artist:0dlDsD7y6ccmDm8tuWCU6F","Freddie Dredd","spotify:album:2Y8LN70hZ256jtbgyKYAoV","Cha Cha","spotify:artist:0dlDsD7y6ccmDm8tuWCU6F","Freddie Dredd","2019-03-22","https://i.scdn.co/image/ab67616d0000b2739321dda5786923cc7deaf10e","1","1","173897","https://p.scdn.co/mp3-preview/e54353ed50d736996be0028435788bb3d3e8f166?cid=9950ac751e34487dbbe027c4fd7f8e99","true","0","QZDA41930017","spotify:user:","2019-12-12T19:56:50Z"
"spotify:track:1ndZ37FOUNqW7PNWYJvPYk","Sipping My life (Bonus Track)","spotify:artist:4mbvd7ZJ2goftjy1L33LiB","John Park","spotify:album:3RlXW94RoRIrAOLMGxUUTg","INNER CHILD","spotify:artist:4mbvd7ZJ2goftjy1L33LiB","John Park","2013-07-03","https://i.scdn.co/image/ab67616d0000b273fb80f1fecb344b516a6094e2","1","11","226186","https://p.scdn.co/mp3-preview/7b1da67c2e7e81bae044a5788a70992ced96ef25?cid=9950ac751e34487dbbe027c4fd7f8e99","false","34","KRA381204746","spotify:user:","2019-12-12T19:56:50Z"
"spotify:track:5P8lyudWE7HQxb4ludLbEm","恋愛サーキュレーション","spotify:artist:0NT8fqhPoKJrd038u1Qumz","物語シリーズ","spotify:album:0Wibr4Xn7la0V69fnnujJw","Utamonogatari Special Edition (Original Soundtrack)","spotify:artist:0NT8fqhPoKJrd038u1Qumz","物語シリーズ","2018-11-02","https://i.scdn.co/image/ab67616d0000b273730cc8eb459c92944233e891","1","4","255040","https://p.scdn.co/mp3-preview/117c4ae5e28721f1d19aa0435fd7cb38323f13e5?cid=9950ac751e34487dbbe027c4fd7f8e99","false","63","JPE300902581","spotify:user:","2019-12-12T19:56:50Z"
"spotify:track:0jEzevn8nsUrlkeuBAgS1B","Let's Go Sunning","spotify:artist:5YkgPDT3sjvYtPkpiqi2js","Jack Shaindlin","spotify:album:629PRUynXcqKHoYJa7gp4L","Dance Orchestra","spotify:artist:5YkgPDT3sjvYtPkpiqi2js","Jack Shaindlin","1998-04-22","https://i.scdn.co/image/ab67616d0000b273e065f8c0786fcd2352e7c966","1","19","104066","https://p.scdn.co/mp3-preview/7da7e601561f67d1dad40c0317d6ff793904b102?cid=9950ac751e34487dbbe027c4fd7f8e99","false","51","QMFCK1328419","spotify:user:","2019-12-12T19:56:50Z"
"spotify:track:2ZqTtndqAZDRAWw2vgZwQK","But It's Better If You Do","spotify:artist:20JZFwl6HVl6yg8a4H3ZqK","Panic! At The Disco","spotify:album:2YeOhhJg3OWpN0F1VYPxtW","A Fever You Can't Sweat Out","spotify:artist:20JZFwl6HVl6yg8a4H3ZqK","Panic! At The Disco","2005-09-27","https://i.scdn.co/image/ab67616d0000b2730a8881b0d247346c3c447bf3","1","9","205752","https://p.scdn.co/mp3-preview/8413cc16d806afed0fb6be1c26838839d7aa3be7?cid=9950ac751e34487dbbe027c4fd7f8e99","false","56","US56V0507709","spotify:user:","2019-12-12T19:56:50Z"
"spotify:track:35KlorpQ6LQVVslvlcu1gN","Lemon","spotify:artist:1snhtMLeb2DYoMOcVbb8iB","Kenshi Yonezu","spotify:album:2W4GAjk0R43JbOTUJCQPCy","Lemon","spotify:artist:1snhtMLeb2DYoMOcVbb8iB","Kenshi Yonezu","2018-03-14","https://i.scdn.co/image/ab67616d0000b273ae8ab64f32bde85afa89779d","1","1","256105","https://p.scdn.co/mp3-preview/5262679961609398c2859681b9c6e968e0b32cf8?cid=9950ac751e34487dbbe027c4fd7f8e99","false","0","JPU901800227","spotify:user:","2019-12-12T19:56:50Z"
"spotify:track:5n368tNF47S70THlmpaGLf","Rain","spotify:artist:4qRXrzUmdy3p33lgvJEzdv","Paul Kim","spotify:album:0pLInB6G2NXR87Pwi4O3dQ","Rain","spotify:artist:4qRXrzUmdy3p33lgvJEzdv","Paul Kim","2016-06-21","https://i.scdn.co/image/ab67616d0000b273c969073e13156547d08eab3a","1","1","237217","https://p.scdn.co/mp3-preview/e75ff8c564f27dc9d5076b165a92b3d3e8c4affe?cid=9950ac751e34487dbbe027c4fd7f8e99","false","2","KRNAR1601973","spotify:user:","2019-12-12T19:56:50Z"
"spotify:track:6JG0qhINKVwiHxqN85j7RG","Crooked Smile (feat. TLC)","spotify:artist:6l3HvQ5sa6mXTsMTB19rO5, spotify:artist:0TImkz4nPqjegtVSMZnMRq","J. Cole, TLC","spotify:album:1NfrmcXk8xNennyxQ57JcW","Born Sinner","spotify:artist:6l3HvQ5sa6mXTsMTB19rO5","J. Cole","2013-06-14","https://i.scdn.co/image/ab67616d0000b2735bed713e0774ad8bf8d0fbab","1","14","278573","","true","0","USQX91301190","spotify:user:","2019-12-12T19:56:50Z"
"spotify:track:6ZthdsKjWtiCxnxbhs74vF","Drip or Drown","spotify:artist:2hlmm7s2ICUX0LVIhVFlZQ","Gunna","spotify:album:3flHKlyXgH4vu277N43sMJ","Drip or Drown","spotify:artist:2hlmm7s2ICUX0LVIhVFlZQ","Gunna","2017-11-30","https://i.scdn.co/image/ab67616d0000b273dcb5f3bbd5e9fbe873ac68f4","1","2","126168","https://p.scdn.co/mp3-preview/d0722f3ae15763c5f462111b094af348c137e416?cid=9950ac751e34487dbbe027c4fd7f8e99","true","73","QZ5FA1751845","spotify:user:","2019-12-12T19:56:50Z"
"spotify:track:63zyClEFJbDG9RoRtGHi9c","sleeplessness(不眠)","spotify:artist:4FuRHFtCeoYaeeVDKyyvbS, spotify:artist:3Xkz5FABMqSreSFbtzRHU6","OVAN, VAN.C","spotify:album:4Amh4D70Idlyv3lXUtwzL3","sleeplessness(不眠)","spotify:artist:4FuRHFtCeoYaeeVDKyyvbS, spotify:artist:3Xkz5FABMqSreSFbtzRHU6","OVAN, VAN.C","2019-06-02","https://i.scdn.co/image/ab67616d0000b2738d0b1f6fcada46bdb4812223","1","1","206200","","false","28","KRA381903125","spotify:user:","2019-12-12T19:56:50Z"
"spotify:track:285pBltuF7vW8TeWk8hdRR","Lucid Dreams","spotify:artist:4MCBfE4596Uoi2O4DtmEMz","Juice WRLD","spotify:album:6tkjU4Umpo79wwkgPMV3nZ","Goodbye & Good Riddance","spotify:artist:4MCBfE4596Uoi2O4DtmEMz","Juice WRLD","2018-12-10","https://i.scdn.co/image/ab67616d0000b273f7db43292a6a99b21b51d5b4","1","3","239835","","true","82","USUG11800685","spotify:user:","2019-12-12T19:56:50Z"
"spotify:track:15EPc80XuFrb2LmOzGjuRg","Crew (feat. Brent Faiyaz & Shy Glizzy)","spotify:artist:5XenQ7XfcvQdfIbpLEFaKQ, spotify:artist:3tlXnStJ1fFhdScmQeLpuG, spotify:artist:1DvtabXAjfrMihPP6JQdHs","GoldLink, Brent Faiyaz, Shy Glizzy","spotify:album:18JrBX1QkpnUSJF3oxX6RX","At What Cost","spotify:artist:5XenQ7XfcvQdfIbpLEFaKQ","GoldLink","2017-03-24","https://i.scdn.co/image/ab67616d0000b2737bcd3cd54e8399ae38cc6e64","1","10","176702","https://p.scdn.co/mp3-preview/43bbfb0a4ff1ce6999b044d67d513aac7273e5ee?cid=9950ac751e34487dbbe027c4fd7f8e99","true","74","USRC11602777","spotify:user:","2019-12-12T19:56:50Z"
"spotify:track:1ThmUihH9dF8EV08ku5AXN","Faucet Failure","spotify:artist:2rhFzFmezpnW82MNqEKVry","Ski Mask The Slump God","spotify:album:0z0z4DcXhHiobX5ZKAw8Qn","STOKELEY","spotify:artist:2rhFzFmezpnW82MNqEKVry","Ski Mask The Slump God","2018-11-30","https://i.scdn.co/image/ab67616d0000b273e62c8561e3b1bd9ad952ce01","1","11","145626","","true","70","USUM71820924","spotify:user:","2019-12-12T19:56:50Z"
"spotify:track:2gwkD6igEhQbDQegRCcdoB","Suge","spotify:artist:4r63FhuTkUYltbVAg5TQnk","DaBaby","spotify:album:0O1PJ0t69iTO5yWrIeIga0","Baby On Baby","spotify:artist:4r63FhuTkUYltbVAg5TQnk","DaBaby","2019-03-01","https://i.scdn.co/image/ab67616d0000b27374d72ebd51dd5781d5f83ffd","1","2","163320","","true","67","USUM71902966","spotify:user:","2019-12-12T19:56:50Z"
"spotify:track:63E8IANcukGDGqHXwhsTiI","Run to you","spotify:artist:5dCvSnVduaFleCnyy98JMo","HEIZE","spotify:album:66LpaVbTu9g0myP35R123C","Run to you","spotify:artist:5dCvSnVduaFleCnyy98JMo","HEIZE","2019-02-14","https://i.scdn.co/image/ab67616d0000b273325cc6c5190459ff1fbce41c","1","1","194258","https://p.scdn.co/mp3-preview/a19e037262b9007615bdb2c79ab7164b39757e5a?cid=9950ac751e34487dbbe027c4fd7f8e99","false","0","KRA381900403","spotify:user:","2019-12-12T19:56:50Z"
"spotify:track:6oZee3RwM7GHykYHZeb7GT","I'm so sick","spotify:artist:2uWcrwgWmZcQc3IPBs3tfU","Apink","spotify:album:6XrOYOghCOtUlWYXxB4cAm","ONE & SIX","spotify:artist:2uWcrwgWmZcQc3IPBs3tfU","Apink","2018-07-02","https://i.scdn.co/image/ab67616d0000b2730b1f5b8d0f8cb48dbc423491","1","1","199402","https://p.scdn.co/mp3-preview/d21833cb7a5f379dc827f3e1c1f375f10535677b?cid=9950ac751e34487dbbe027c4fd7f8e99","false","53","KRA381800153","spotify:user:","2019-12-12T19:56:50Z"
"spotify:track:4EpZ4eYuZOwPSSwyqpdHnJ","Sunflower","spotify:artist:7pbDxGE6nQSZVfiFdq9lOL","Rex Orange County","spotify:album:1FhmTMNe8AziAPkB29114F","Sunflower","spotify:artist:7pbDxGE6nQSZVfiFdq9lOL","Rex Orange County","2017-03-22","https://i.scdn.co/image/ab67616d0000b27315f4cfd072793fa7532e674a","1","1","252230","https://p.scdn.co/mp3-preview/27b6b4f595da7570041c61e553a2cb8ceb6c8417?cid=9950ac751e34487dbbe027c4fd7f8e99","true","2","US23A1500468","spotify:user:","2019-12-12T19:56:50Z"
"spotify:track:3mmLyEhphJAaW7hyEXAD8l","Some","spotify:artist:4k5fFEYgkWYrYvtOK3zVBl","BOL4","spotify:album:4pUGLEuGG0PH9Slw3nt1Jn","Red Diary Page.1","spotify:artist:4k5fFEYgkWYrYvtOK3zVBl","BOL4","2017-09-27","https://i.scdn.co/image/ab67616d0000b2736ce4b0fb36b9366f8ddfd7de","1","1","181373","https://p.scdn.co/mp3-preview/b1abdc05603f52004eb013375cb04c66e6fa90a9?cid=9950ac751e34487dbbe027c4fd7f8e99","false","0","KRA381702303","spotify:user:","2019-12-12T19:56:50Z"
"spotify:track:0cyDtn3bMS1XoTp6Lcef1d","Walk Thru (feat. Problem)","spotify:artist:5lHRUCqkQZCIWeX7xG4sYT, spotify:artist:0399oiMcmbOzzsYQDNYqxn","Rich Homie Quan, JasonMartin","spotify:album:5GovVhvdcDoH6uQwgV2NoM","I Promise I Will Never Stop Going In (Deluxe Edition)","spotify:artist:5lHRUCqkQZCIWeX7xG4sYT","Rich Homie Quan","2014-03-24","https://i.scdn.co/image/ab67616d0000b2734469b24e53b778cc63bb8032","1","9","187826","https://p.scdn.co/mp3-preview/cdc31fc1f89fbcf2e9af97fb76884e0caddb3500?cid=9950ac751e34487dbbe027c4fd7f8e99","true","0","USUYG1043164","spotify:user:","2019-12-12T19:56:50Z"
"spotify:track:1Y2DQMmCQfCO3BWSKBmJkt","2 Arabesques, L. 66: I. Andantino con moto in E Major","spotify:artist:1Uff91EOsvd99rtAupatMP, spotify:artist:0VkQgzGZUmazUc7ouT5S79","Claude Debussy, Hélène Grimaud","spotify:album:75zxxS4VOSD4foQU6zKTvU","Memory","spotify:artist:0VkQgzGZUmazUc7ouT5S79, spotify:artist:1bauOA5U5M3RwH2euX3Eq6, spotify:artist:1Uff91EOsvd99rtAupatMP, spotify:artist:459INk8vcC0ebEef82WjIK, spotify:artist:7y97mc3bZRFXzT2szRM4L4, spotify:artist:5NCKpzuowtihcIrIHFjKbJ","Hélène Grimaud, Valentin Silvestrov, Claude Debussy, Erik Satie, Frédéric Chopin, Nitin Sawhney","2018-09-21","https://i.scdn.co/image/ab67616d0000b273a9b38005745b3a63fffeb362","1","2","256440","","false","24","DEN961701800","spotify:user:","2019-12-12T19:56:50Z"
"spotify:track:5W7xC99N2Zzfh69r7I7zWK","Aston Martin Music","spotify:artist:1sBkRIssrMs1AbVkOJbc7a, spotify:artist:3TVXtAsR1Inumwj472S9r4, spotify:artist:3YJMzGjAm245zwJooY7PEj","Rick Ross, Drake, Chrisette Michele","spotify:album:0jipZxGtkTDHjVerLkzO80","Teflon Don","spotify:artist:1sBkRIssrMs1AbVkOJbc7a","Rick Ross","2010-01-01","https://i.scdn.co/image/ab67616d0000b2730fbb5046ac2211a4aab5ecfa","1","10","270626","","true","69","USUM71017798","spotify:user:","2019-12-12T19:56:50Z"
"spotify:track:1DPz356PzDOvqvjCnQu7Lo","Stalking You","spotify:artist:31W5EY0aAly4Qieq6OFu6I","A Boogie Wit da Hoodie","spotify:album:3HHp5I6Q6SEyU5bkvoCtnV","The Bigger Artist","spotify:artist:31W5EY0aAly4Qieq6OFu6I","A Boogie Wit da Hoodie","2017-09-29","https://i.scdn.co/image/ab67616d0000b273cdba7ee22968991250725ce1","1","14","221076","https://p.scdn.co/mp3-preview/3f221b4b0860403d8d4483ce305280ce6682bfed?cid=9950ac751e34487dbbe027c4fd7f8e99","true","45","USAT21703684","spotify:user:","2019-12-12T19:56:50Z"
"spotify:track:2ojeVlRua1qgIBbX89cSel","Nonsense Bungaku","spotify:artist:58oPVy7oihAEXE0Ott6JOf","Eve","spotify:album:4rRSYNloIUM02JebkYnaic","bunka","spotify:artist:58oPVy7oihAEXE0Ott6JOf","Eve","2017-12-20","https://i.scdn.co/image/ab67616d0000b273f2be61c5da549c4bbe503070","1","2","203760","https://p.scdn.co/mp3-preview/38ff2e8d02aec244fd8f1a893bee5d0740433c75?cid=9950ac751e34487dbbe027c4fd7f8e99","false","0","JPZ921708222","spotify:user:","2019-12-12T19:56:50Z"
"spotify:track:1hz7SRTGUNAtIQ46qiNv2p","GONE, GONE / THANK YOU","spotify:artist:4V8LLVI7PbaPR0K2TGSxFF","Tyler\, The Creator","spotify:album:5zi7WsKlIiUXv09tbGLKsE","IGOR","spotify:artist:4V8LLVI7PbaPR0K2TGSxFF","Tyler\, The Creator","2019-05-17","https://i.scdn.co/image/ab67616d0000b2737005885df706891a3c182a57","1","10","375386","https://p.scdn.co/mp3-preview/bef1a42d0299c0f5a6b9be0bc604326038b50995?cid=9950ac751e34487dbbe027c4fd7f8e99","true","75","USQX91901118","spotify:user:","2019-12-12T19:56:50Z"
"spotify:track:7f1zjZG77S891Uv4O68yfk","Baby Sitter (feat. Offset)","spotify:artist:4r63FhuTkUYltbVAg5TQnk, spotify:artist:4DdkRBBYG6Yk9Ka8tdJ9BW","DaBaby, Offset","spotify:album:0O1PJ0t69iTO5yWrIeIga0","Baby On Baby","spotify:artist:4r63FhuTkUYltbVAg5TQnk","DaBaby","2019-03-01","https://i.scdn.co/image/ab67616d0000b27374d72ebd51dd5781d5f83ffd","1","6","157693","","true","56","USUM71902948","spotify:user:","2019-12-12T19:56:50Z"
"spotify:track:7JCi89HGiURxFpr6NITY7q","Snapping","spotify:artist:2PSJ6YriU7JsFucxACpU7Y","CHUNG HA","spotify:album:1lNM7RF1SVUs66OtLj4MQh","Flourishing","spotify:artist:2PSJ6YriU7JsFucxACpU7Y","CHUNG HA","2019-06-24","https://i.scdn.co/image/ab67616d0000b273cd17c315097d81ea0882430c","1","5","213164","https://p.scdn.co/mp3-preview/735ac3caefe1557bf48f824a5e47fcd049bf47f5?cid=9950ac751e34487dbbe027c4fd7f8e99","false","0","KRMIM1910140","spotify:user:","2019-12-12T19:56:50Z"
"spotify:track:2DLrgv7HhJanCuD8L9uJLR","Zenzenzense - movie ver.","spotify:artist:1EowJ1WwkMzkCkRomFhui7","RADWIMPS","spotify:album:4qApTp9557qYZzRLEih4uP","Your Name.","spotify:artist:1EowJ1WwkMzkCkRomFhui7","RADWIMPS","2016-08-24","https://i.scdn.co/image/ab67616d0000b2733d1869d8c477d291a205a2d6","1","8","285880","https://p.scdn.co/mp3-preview/d32886e7be0adc7749dcfc834dc778ae86d1dca9?cid=9950ac751e34487dbbe027c4fd7f8e99","false","63","JPPO01617097","spotify:user:","2019-12-12T19:56:50Z"
"spotify:track:4B0r8wQP0qfyDFaPs4Rjnz","Aloha (feat. GUN40)","spotify:artist:4uyIwcaJgV9ShErevnVlNp, spotify:artist:7DCSxPjPxjyMFDSsygLMQa","10k.Caash, GUN40","spotify:album:6INXJBOGREmfU4NAbIp7mF","Aloha","spotify:artist:4uyIwcaJgV9ShErevnVlNp, spotify:artist:7DCSxPjPxjyMFDSsygLMQa","10k.Caash, GUN40","2019-03-22","https://i.scdn.co/image/ab67616d0000b273adf437f9aec57e83505cc744","1","1","87706","","true","25","USUM71904622","spotify:user:","2019-12-12T19:56:50Z"
"spotify:track:4Juew7Abjd3NxuRrQvMiIx","The Smell of a Midsummer Night","spotify:artist:5kVZa4lFUmAQlBogl1fkd6","Aimyon","spotify:album:4IYQtBqiKZobpW5skKJas5","The Smell of a Midsummer Night","spotify:artist:5kVZa4lFUmAQlBogl1fkd6","Aimyon","2019-07-24","https://i.scdn.co/image/ab67616d0000b273ce91898f160d9b599098496c","1","1","233306","https://p.scdn.co/mp3-preview/53a5a00393b3be8b1f45fb9130a68ca5c2415edb?cid=9950ac751e34487dbbe027c4fd7f8e99","false","14","JPWP01900791","spotify:user:","2019-12-12T19:56:50Z"
"spotify:track:3PWyoYwI4iHLnLWltMt4gd","No Make Up","spotify:artist:5HenzRvMtSrgtvU16XAoby","Zion.T","spotify:album:6I102GJy7jhQjDVH3I51gq","No Make Up","spotify:artist:5HenzRvMtSrgtvU16XAoby","Zion.T","2015-10-12","https://i.scdn.co/image/ab67616d0000b27339da9f244f1dbe8aee3a17a1","1","1","189154","https://p.scdn.co/mp3-preview/3f11cc20ff7b87354dea580ab1abf657a748b1cb?cid=9950ac751e34487dbbe027c4fd7f8e99","false","0","KRA381500307","spotify:user:","2019-12-12T19:56:50Z"
"spotify:track:3oh6SCCeLuXhFpEyepla6G","Thotiana","spotify:artist:3Fl1V19tmjt57oBdxXKAjJ","Blueface","spotify:album:2gZmrByp6yiyePHi3dzZ1d","Famous Cryp","spotify:artist:3Fl1V19tmjt57oBdxXKAjJ","Blueface","2018-12-18","https://i.scdn.co/image/ab67616d0000b273545a714d4a7bf419b4adefc6","1","3","129264","https://p.scdn.co/mp3-preview/d4fb10001ac5570224a6905617e1a4fed54d33df?cid=9950ac751e34487dbbe027c4fd7f8e99","true","0","QZDA51839408","spotify:user:","2019-12-12T19:56:50Z"
"spotify:track:745H5CctFr12Mo7cqa1BMH","My Girl","spotify:artist:3RwQ26hR2tJtA8F9p2n7jG","The Temptations","spotify:album:45tweuKI0zdh8zgKo05cTw","The Temptations Sing Smokey","spotify:artist:3RwQ26hR2tJtA8F9p2n7jG","The Temptations","1965-03-22","https://i.scdn.co/image/ab67616d0000b2731a5b6271ae1c8497df20916e","1","3","165000","","false","82","USMO16490001","spotify:user:","2019-12-12T19:56:50Z"
"spotify:track:7eBqSVxrzQZtK2mmgRG6lC","Murder on My Mind","spotify:artist:1cNDP5yjU5vjeR8qMf4grg","YNW Melly","spotify:album:7naY6j4wcgUxfHB98G79CW","I AM YOU","spotify:artist:1cNDP5yjU5vjeR8qMf4grg","YNW Melly","2018-08-03","https://i.scdn.co/image/ab67616d0000b2730f5397dc6aa91374897182e0","1","13","268434","https://p.scdn.co/mp3-preview/c177cf9cc65ab2364123707e1784ca72d8e7b39e?cid=9950ac751e34487dbbe027c4fd7f8e99","true","76","QMCE31801827","spotify:user:","2019-12-12T19:56:50Z"
"spotify:track:1kBbgxAUc4HQv7cgIayIDH","Ransom","spotify:artist:4Ga1P7PMIsmqEZqhYZQgDo","Lil Tecca","spotify:album:4Mz9ZCE83IiaVC9ejMqxky","Ransom","spotify:artist:4Ga1P7PMIsmqEZqhYZQgDo","Lil Tecca","2019-06-04","https://i.scdn.co/image/ab67616d0000b273422113b080aa8e2effae4fa2","1","1","131280","","true","0","QZ85M1940160","spotify:user:","2019-12-12T19:56:50Z"
"spotify:track:67fNrBUMc7iWMofdCaoJV9","Bleed It","spotify:artist:3Fl1V19tmjt57oBdxXKAjJ","Blueface","spotify:album:7A6d0hlfWXxSqqEywBexr4","Bleed It","spotify:artist:3Fl1V19tmjt57oBdxXKAjJ","Blueface","2019-01-11","https://i.scdn.co/image/ab67616d0000b27302522419ba5d00a1d6fa808c","1","1","145520","","true","0","USCM51900001","spotify:user:","2019-12-12T19:56:50Z"
"spotify:track:79s5XnCN4TJKTVMSmOx8Ep","Dior","spotify:artist:0eDvMgVFoNV3TpwtrVCoTj","Pop Smoke","spotify:album:6d1vGZsr6Uy3h9IigBpPAf","Meet The Woo","spotify:artist:0eDvMgVFoNV3TpwtrVCoTj","Pop Smoke","2019-07-26","https://i.scdn.co/image/ab67616d0000b2738fe5d04b06aff90f9fe796f5","1","6","216386","","true","77","USUM71914275","spotify:user:","2019-12-12T19:56:50Z"
"spotify:track:6oV5zsbz9V2nZ79PYam9yC","Shotta Flow 2","spotify:artist:0ErzCpIMyLcjPiwT4elrtZ","NLE Choppa","spotify:album:3G0NQxF1Qp1zmkSME1ZqKw","Shotta Flow 2","spotify:artist:0ErzCpIMyLcjPiwT4elrtZ","NLE Choppa","2019-02-16","https://i.scdn.co/image/ab67616d0000b2733dd4540e40272dc148d278be","1","1","132986","https://p.scdn.co/mp3-preview/30a0ac426f343767fd0792dc23ac5a4de564458c?cid=9950ac751e34487dbbe027c4fd7f8e99","true","1","QZ85M1910750","spotify:user:","2019-12-12T19:56:50Z"
"spotify:track:1nXZnTALNXiPlvXotqHm66","A BOY IS A GUN*","spotify:artist:4V8LLVI7PbaPR0K2TGSxFF","Tyler\, The Creator","spotify:album:5zi7WsKlIiUXv09tbGLKsE","IGOR","spotify:artist:4V8LLVI7PbaPR0K2TGSxFF","Tyler\, The Creator","2019-05-17","https://i.scdn.co/image/ab67616d0000b2737005885df706891a3c182a57","1","7","210253","https://p.scdn.co/mp3-preview/95971b582f8bc6a90f3c35e7127f0946a4e742b9?cid=9950ac751e34487dbbe027c4fd7f8e99","true","69","USQX91901116","spotify:user:","2019-12-12T19:56:50Z"
"spotify:track:17pYAFEZjKZFU5PHiUMzqx","鏡面の波","spotify:artist:69nJcqdEQREOnXx4VFAdkS","YURiKA","spotify:album:3V8Bpey3tW9nImD6ylaP2V","鏡面の波 (アーティスト盤)","spotify:artist:69nJcqdEQREOnXx4VFAdkS","YURiKA","2017-12-06","https://i.scdn.co/image/ab67616d0000b273384adbddb9fb461a12f11249","1","1","265453","https://p.scdn.co/mp3-preview/7b8935ba8f668d8abd79a89f9c6df83cf0ed9334?cid=9950ac751e34487dbbe027c4fd7f8e99","false","43","JPV431700577","spotify:user:","2019-12-12T19:56:50Z"
"spotify:track:33kB5gz4gzOEZVkuWKHylS","Thick Niggas and Anime Tiddies","spotify:artist:4o3KrdNrP5TODhuOesqHfR","Dbangz","spotify:album:6364r0e2rVw2fY23D1UnQy","Thick Niggas and Anime Tiddies","spotify:artist:4o3KrdNrP5TODhuOesqHfR","Dbangz","2017-08-12","https://i.scdn.co/image/ab67616d0000b273501aeff4ec2daa7afd5988c2","1","1","90122","https://p.scdn.co/mp3-preview/7e6936714e2771eb658d74115d1b9eaa4888364b?cid=9950ac751e34487dbbe027c4fd7f8e99","true","0","QZ8LD1745098","spotify:user:","2019-12-12T19:56:50Z"
"spotify:track:59szNf58dJ8WqOKOgf3Fpz","HENCH MAFIA","spotify:artist:1iJdyDcY98X3GMnUesl7tf","Comethazine","spotify:album:2s6B6IjL7Y4CHeDfqSm02s","BAWSKEE 3.5","spotify:artist:1iJdyDcY98X3GMnUesl7tf","Comethazine","2019-07-26","https://i.scdn.co/image/ab67616d0000b273b50e51cdd98cfb2732400ab7","1","1","102727","https://p.scdn.co/mp3-preview/c96f91e709050b70f0155968514b07afd93dcc8f?cid=9950ac751e34487dbbe027c4fd7f8e99","true","0","USUYG1264688","spotify:user:","2019-12-12T19:56:50Z"
"spotify:track:3F39QYbMWCEvD2zPAECDG5","I Love You","spotify:artist:6OwKE9Ez6ALxpTaKcT5ayv","AKMU","spotify:album:6Yo1UNG0pHIgReWVuSQMNi","내 연애의 모든 것 Pt.3 Original Television Soundtrack","spotify:artist:6OwKE9Ez6ALxpTaKcT5ayv","AKMU","2013-04-24","https://i.scdn.co/image/ab67616d0000b2732baec95306c050706060bff0","1","1","184691","https://p.scdn.co/mp3-preview/4b8ca1d33f1d70918f3f82197d23faa11d28f013?cid=9950ac751e34487dbbe027c4fd7f8e99","false","0","KRA341753790","spotify:user:","2019-12-12T19:56:50Z"
"spotify:track:0aOf8m2Y7eGsV17WsuH8Xj","YESTERDAY","spotify:artist:4RnezwRV7VBJUCI1S0AE5u","Block B","spotify:album:03q0rJ9J1FbvbTUVekJGqk","YESTERDAY","spotify:artist:4RnezwRV7VBJUCI1S0AE5u","Block B","2017-02-06","https://i.scdn.co/image/ab67616d0000b273208a58d54567d84889365679","1","1","168918","https://p.scdn.co/mp3-preview/59286cc3046e5a7d84b20cbe275fa10b90f83ec3?cid=9950ac751e34487dbbe027c4fd7f8e99","false","45","KRC491700006","spotify:user:","2019-12-12T19:56:50Z"
"spotify:track:3muBQDekYAg7jm6hDu6R0Z","First Day Out","spotify:artist:6AUl0ykLLpvTktob97x9hO","Tee Grizzley","spotify:album:6074OsmUN1PdFgy0zTP4Fn","My Moment","spotify:artist:6AUl0ykLLpvTktob97x9hO","Tee Grizzley","2017-04-07","https://i.scdn.co/image/ab67616d0000b2731e101023ff16c8e45db9e52d","1","2","254693","https://p.scdn.co/mp3-preview/5dab7a81e00fc8ea37f4c876a4e66145a45a314b?cid=9950ac751e34487dbbe027c4fd7f8e99","true","70","TCACT1656901","spotify:user:","2019-12-12T19:56:50Z"
